City_ID,City,Lat,Lng,Max Temp,Humidity,Cloudiness,Wind Speed,Country,Date
0,igarka,67.4667,86.5833,-13.0,89,100,6.68,RU,1733447052
1,qamdo,31.1667,97.2333,-4.68,52,0,0.84,CN,1733447053
2,port saint john's,-31.6229,29.5448,20.76,89,100,2.91,ZA,1733447054
3,creel,27.75,-107.6333,5.12,42,1,2.59,MX,1733447055
4,rikaze,29.25,88.8833,-2.03,25,0,0.5,CN,1733447056
5,anadyr,64.75,177.4833,-22.72,77,63,4.0,RU,1733446911
6,port mathurin,-19.6833,63.4167,24.49,76,56,9.55,MU,1733447058
7,solleftea,63.1667,17.2667,-5.08,93,100,2.28,SE,1733447059
8,albany,42.6001,-73.9662,0.32,66,10,4.47,US,1733446851
9,derbent,42.0678,48.2899,9.06,70,100,1.73,RU,1733447061
10,waitangi,-43.9535,-176.5597,13.79,85,42,4.92,NZ,1733446819
11,codrington,-38.2667,141.9667,20.22,66,100,1.55,AU,1733447064
12,alotau,-10.3069,150.4462,31.22,65,100,2.23,PG,1733447065
13,talnakh,69.4865,88.3972,-19.24,97,100,2.85,RU,1733446835
14,st. john's,47.5649,-52.7093,4.32,76,75,9.77,CA,1733446993
15,kalmunai,7.4167,81.8167,24.88,88,100,3.48,LK,1733446823
16,blackmans bay,-43.0167,147.3167,19.74,75,100,0.45,AU,1733446813
17,isafjordur,66.0755,-23.124,-3.92,93,100,4.79,IS,1733446903
18,grytviken,-54.2811,-36.5092,-0.32,72,100,4.33,GS,1733446780
19,kapuskasing,49.4169,-82.4331,-9.95,79,100,7.2,CA,1733447072
20,polyarnyy,69.1989,33.4478,-4.48,83,100,7.43,RU,1733446806
21,lebu,-37.6167,-73.65,11.6,84,1,1.36,CL,1733446799
22,marsa alam,25.0757,34.8918,18.13,58,100,1.29,EG,1733447075
23,tolanaro,-25.0319,46.9987,25.04,83,0,6.17,MG,1733447076
24,port augusta,-32.5,137.7667,25.28,61,100,4.19,AU,1733446959
25,adamstown,-25.066,-130.1015,23.26,77,100,6.83,PN,1733446789
26,avarua,-21.2078,-159.775,27.03,74,75,4.63,CK,1733446889
27,ola,59.5833,151.2833,-5.16,84,100,6.71,RU,1733447081
28,port-aux-francais,-49.35,70.2167,3.07,84,100,24.55,TF,1733446800
29,puerto natales,-51.7236,-72.4875,5.17,71,17,0.57,CL,1733446773
30,severo-yeniseyskiy,60.3725,93.0408,-8.62,90,100,5.63,RU,1733447084
31,altai,46.3722,96.2583,-14.35,86,9,0.88,MN,1733447085
32,garbahaarrey,3.3289,42.2209,23.99,51,16,2.95,SO,1733447086
33,udachny,66.4167,112.4,-13.16,90,100,3.72,RU,1733446805
34,edinburgh of the seven seas,-37.0676,-12.3116,14.95,80,5,10.79,SH,1733446847
35,flying fish cove,-10.4217,105.6791,26.82,89,100,4.63,CX,1733446784
36,mazamet,43.49,2.373,11.02,93,100,0.0,FR,1733447090
37,tazovsky,67.4667,78.7,-16.95,96,99,4.09,RU,1733446779
38,east tamworth,-31.0894,150.9436,30.77,51,100,1.54,AU,1733447092
39,west island,-12.1568,96.8225,27.36,73,100,8.97,CC,1733446778
40,borzya,50.3833,116.5167,-24.77,96,22,1.09,RU,1733447095
41,puerto ayora,-0.7393,-90.3518,22.53,96,100,4.47,EC,1733446785
42,meulaboh,4.1363,96.1285,24.96,89,86,2.41,ID,1733446872
43,bethel,41.3712,-73.414,1.46,59,5,3.13,US,1733446826
44,yulinshi,38.2906,109.7494,-2.3,51,0,4.64,CN,1733447101
45,gizo,-8.103,156.8419,24.83,86,100,2.26,SB,1733447102
46,belle fourche,44.6714,-103.8522,6.73,66,1,1.86,US,1733447104
47,neman,55.0311,22.0264,2.4,91,100,4.23,RU,1733447105
48,tiksi,71.6872,128.8694,-25.49,97,63,3.18,RU,1733446931
49,fisterra,42.9049,-9.2629,15.81,93,100,5.61,ES,1733447108
50,thompson,55.7435,-97.8558,-17.91,85,100,1.54,CA,1733447109
51,mejit,10.2753,170.8646,27.59,83,55,11.06,MH,1733446861
52,yellowknife,62.456,-114.3525,-13.66,99,75,7.72,CA,1733446738
53,jamestown,42.097,-79.2353,-2.77,94,100,8.23,US,1733446996
54,klyuchi,52.2667,79.1667,-13.19,92,7,3.24,RU,1733447113
55,barra de santo antonio,-9.4047,-35.5072,25.07,79,39,4.25,BR,1733446802
56,inhambane,-23.865,35.3833,24.62,91,38,4.78,MZ,1733447115
57,faget,45.85,22.1833,3.04,94,98,1.14,RO,1733447116
58,georgetown,5.4112,100.3354,26.96,87,20,1.03,MY,1733446754
59,ta`u,-14.2336,-169.5144,27.77,79,61,4.06,AS,1733447119
60,hawaiian paradise park,19.5933,-154.9731,27.71,67,24,0.89,US,1733446891
61,arkhonskaya,43.11,44.5125,-2.19,93,100,3.0,RU,1733447121
62,paraiso,9.8383,-83.8656,19.12,96,66,2.6,CR,1733447122
63,moranbah,-22.0016,148.0466,31.64,38,0,7.24,AU,1733447123
64,remire-montjoly,4.9167,-52.2667,27.02,78,100,3.6,GF,1733447124
65,nova sintra,14.8667,-24.7167,26.62,67,100,2.37,CV,1733447125
66,ushuaia,-54.8,-68.3,5.81,61,75,9.77,AR,1733446691
67,hermanus,-34.4187,19.2345,16.42,78,62,5.64,ZA,1733446964
68,iqaluit,63.7506,-68.5145,-13.15,71,75,1.03,CA,1733446899
69,vila franca do campo,37.7167,-25.4333,19.23,99,100,3.28,PT,1733447129
70,guaiba,-30.1139,-51.325,23.49,73,0,4.12,BR,1733447054
71,whitehorse,60.7161,-135.0538,4.43,75,75,5.66,CA,1733447132
72,uturoa,-16.7333,-151.4333,27.7,70,90,5.99,PF,1733447133
73,mayfield,36.7417,-88.6367,-4.93,61,0,2.57,US,1733447134
74,san bernardo del viento,9.3533,-75.9524,26.81,83,8,2.5,CO,1733447135
75,pangody,65.85,74.4859,-17.63,90,14,4.58,RU,1733447136
76,fort wellington,6.4,-57.6,26.18,76,88,5.02,GY,1733447137
77,amga,60.8953,131.9608,-22.72,97,100,2.28,RU,1733447138
78,invercargill,-46.4,168.35,16.12,82,100,6.71,NZ,1733446955
79,baghdad,33.3406,44.4009,6.95,65,0,3.09,IQ,1733447103
80,chonchi,-42.6128,-73.8092,10.07,92,34,2.28,CL,1733447141
81,bamboo flat,11.7,92.7167,27.05,94,40,2.06,IN,1733447142
82,sao martinho,39.5144,-9.1311,15.05,94,15,1.34,PT,1733447144
83,alesund,62.4723,6.1549,8.08,57,100,7.2,NO,1733447145
84,papatowai,-46.5619,169.4708,15.96,73,100,5.82,NZ,1733446815
85,weno,7.4515,151.8468,29.36,78,57,9.54,FM,1733447147
86,dudinka,69.4058,86.1778,-26.66,100,100,1.84,RU,1733447148
87,piton saint-leu,-21.2196,55.3151,21.06,53,75,3.6,RE,1733447149
88,bredasdorp,-34.5322,20.0403,15.26,75,25,2.63,ZA,1733446832
89,stanley,54.868,-1.6985,5.85,77,7,10.8,GB,1733446968
90,san patricio,28.017,-97.5169,16.97,84,100,5.8,US,1733446786
91,iskateley,67.6803,53.1512,-3.22,81,100,9.7,RU,1733447153
92,ziro,27.6333,93.8333,4.09,88,0,0.42,IN,1733447154
93,hobyo,5.3505,48.5268,25.88,74,14,8.21,SO,1733446928
94,badger,64.8,-147.5333,-6.12,86,100,3.6,US,1733446952
95,hoa binh,20.8133,105.3383,20.59,85,100,0.67,VN,1733447158
96,haiku-pauwela,20.9219,-156.3051,27.16,71,20,8.05,US,1733447159
97,yerofey pavlovich,53.9667,121.9667,-17.89,87,99,1.57,RU,1733447160
98,kerikeri,-35.2268,173.9474,25.65,36,0,3.57,NZ,1733447161
99,villa gesell,-37.2639,-56.973,16.57,87,100,4.76,AR,1733447162
100,kingston,17.997,-76.7936,25.53,89,40,4.12,JM,1733446594
101,byron bay,-28.65,153.6167,26.86,61,6,3.29,AU,1733447164
102,guymon,36.6828,-101.4816,3.0,60,0,5.14,US,1733447165
103,ribeira grande,38.5167,-28.7,19.87,90,100,5.81,PT,1733446783
104,horta,38.5333,-28.6333,19.45,90,100,6.71,PT,1733447167
105,kenora,49.8167,-94.4337,-11.46,92,75,5.14,CA,1733447081
106,pisco,-13.7,-76.2167,19.03,82,0,6.17,PE,1733447170
107,sao jose da coroa grande,-8.8978,-35.1478,24.96,80,86,4.36,BR,1733447171
108,lihue,21.9789,-159.3672,22.47,100,100,3.6,US,1733446878
109,hassi messaoud,31.6804,6.0729,11.92,54,0,5.14,DZ,1733447173
110,ceeldheer,3.8488,47.1806,25.24,81,0,6.77,SO,1733447174
111,aasiaat,68.7098,-52.8699,-12.89,95,100,3.09,GL,1733446801
112,port lincoln,-34.7333,135.8667,24.0,66,100,3.65,AU,1733447176
113,akobo,7.4344,3.9497,20.86,71,23,0.49,NG,1733447177
114,hodmezovasarhely,46.4167,20.3333,2.23,81,100,1.14,HU,1733447178
115,margaret river,-33.95,115.0667,18.6,52,0,4.22,AU,1733446934
116,djibo,14.1022,-1.6306,21.9,14,100,4.06,BF,1733447180
117,keflavik,64.0049,-22.5624,1.24,93,40,1.54,IS,1733446824
118,sabha,27.0377,14.4283,10.65,58,100,4.49,LY,1733447182
119,essaouira,31.5125,-9.77,16.72,48,100,2.06,MA,1733447183
120,garissa,-0.4536,39.6401,25.63,75,82,3.65,KE,1733447185
121,obolo-eke (1),6.8833,7.6333,22.22,37,4,1.31,NG,1733447186
122,zeven,53.3,9.2833,4.4,94,100,7.92,DE,1733447187
123,bilibino,68.0546,166.4372,-22.74,99,8,2.04,RU,1733446942
124,zaltan,32.947,11.8665,16.3,63,100,15.14,LY,1733447189
125,talcahuano,-36.7167,-73.1167,12.82,94,20,2.06,CL,1733447093
126,taoudenni,22.6783,-3.9836,18.42,33,100,5.44,ML,1733447192
127,qaqortoq,60.7167,-46.0333,-16.5,80,0,2.93,GL,1733446851
128,urganch,41.55,60.6333,-2.03,74,100,3.09,UZ,1733447194
129,saipan,15.1355,145.701,29.8,83,70,5.36,MP,1733446884
130,mont-dore,-22.2833,166.5833,30.56,62,43,6.78,NC,1733447196
131,constantia,44.1833,28.65,1.38,80,100,7.27,RO,1733446859
132,sibolga,1.7427,98.7792,25.21,78,100,1.31,ID,1733447198
133,petropavlovsk-kamchatsky,53.0452,158.6483,-4.67,63,20,2.0,RU,1733446837
134,mangrol,21.1167,70.1167,23.37,43,100,5.54,IN,1733447201
135,tura,25.5198,90.2201,14.43,77,0,1.26,IN,1733446671
136,college,64.8569,-147.8028,-6.07,71,100,3.6,US,1733446595
137,zeya,53.75,127.2667,-15.85,84,100,3.17,RU,1733447204
138,al qusiyah,27.4402,30.8184,14.83,68,100,1.81,EG,1733447205
139,celestun,20.8667,-90.4,22.07,72,77,5.83,MX,1733447207
140,tank,32.2217,70.3793,13.63,23,0,3.17,PK,1733447208
141,srandakan,-7.9386,110.2506,25.37,85,100,2.21,ID,1733447209
142,port elizabeth,-33.918,25.5701,18.51,82,0,5.14,ZA,1733446834
143,kodiak,57.79,-152.4072,2.73,100,100,2.57,US,1733446843
144,kwang binh,17.4833,106.6,21.66,90,100,0.22,VN,1733447212
145,mili,6.0815,171.735,28.27,82,60,10.35,MH,1733447213
146,ko pha ngan,9.7578,100.0291,25.06,69,100,1.21,TH,1733447214
147,xinyuan,37.3,99.0,-15.61,64,6,2.94,CN,1733447216
148,east wenatchee bench,47.4257,-120.2812,0.54,79,100,2.57,US,1733447217
149,scituate,42.1959,-70.7259,3.01,71,75,3.6,US,1733447218
150,adrian,41.8975,-84.0372,-2.81,63,0,3.6,US,1733447219
151,axim,4.8699,-2.2405,24.97,86,11,1.5,GH,1733447220
152,barcelos,41.5388,-8.6151,12.77,96,100,1.07,PT,1733447221
153,ixtapa,20.7,-105.2,25.13,88,0,2.06,MX,1733447222
154,piacabucu,-10.4056,-36.4344,25.23,78,0,4.44,BR,1733446875
155,kailua-kona,19.6406,-155.9956,28.64,64,0,3.6,US,1733447224
156,kostomuksha,64.571,30.5767,-5.63,85,39,4.44,RU,1733447225
157,al hoceima,35.2433,-3.9309,16.88,70,5,0.96,MA,1733447226
158,balkashino,52.5167,68.7667,-9.18,96,99,2.04,KZ,1733447227
159,katsuren-haebaru,26.3369,127.8719,21.16,72,100,3.6,JP,1733447228
160,olonkinbyen,70.9221,-8.7187,-1.94,99,100,10.22,SJ,1733446839
161,longyearbyen,78.2186,15.6401,-6.09,63,20,9.26,SJ,1733446937
162,alofi,-19.0595,-169.9187,28.94,70,40,6.17,NU,1733447216
163,susuman,62.7833,148.1667,-23.71,100,100,0.97,RU,1733447234
164,altay,47.8667,88.1167,-11.65,69,1,2.96,CN,1733447235
165,irakleion,35.3279,25.1434,15.79,88,20,5.38,GR,1733447236
166,port alfred,-33.5906,26.891,18.43,85,100,3.07,ZA,1733447237
167,holualoa,19.6228,-155.9522,26.57,64,0,3.6,US,1733447239
168,hancheng,32.5186,112.3522,7.95,51,100,1.71,CN,1733447114
169,ilulissat,69.2167,-51.1,-9.99,57,100,9.77,GL,1733446923
170,bahia de kino,28.8333,-111.9333,20.4,47,0,5.35,MX,1733447243
171,kralendijk,12.15,-68.2667,27.99,69,20,5.66,BQ,1733447245
172,todos santos,23.45,-110.2167,21.91,76,7,4.87,MX,1733447246
173,batang,-6.4846,110.7083,23.32,94,100,2.69,ID,1733447247
174,lompoc,34.6391,-120.4579,16.07,76,0,6.71,US,1733447248
175,lazaro cardenas,17.9583,-102.2,25.56,79,94,0.64,MX,1733447249
176,kapoeta,4.7717,33.5903,25.64,36,66,1.77,SS,1733447250
177,"laikit, laikit ii (dimembe)",1.4792,124.9735,28.47,74,20,1.54,ID,1733447251
178,banda aceh,5.5577,95.3222,26.09,82,100,1.89,ID,1733446940
179,mountain home,43.133,-115.6912,1.99,59,0,1.65,US,1733447253
180,atafu village,-8.5421,-172.5159,28.28,67,1,4.79,TK,1733447254
181,la ronge,55.1001,-105.2842,-4.29,98,100,1.19,CA,1733447256
182,chadron,42.8294,-102.9999,4.42,52,0,1.54,US,1733447257
183,kurumkan,54.3,110.3,-22.82,87,12,1.52,RU,1733447258
184,cradock,-32.1642,25.6192,13.7,88,100,1.05,ZA,1733447259
185,happy valley-goose bay,53.3168,-60.3315,-9.46,79,100,2.03,CA,1733447260
186,tuy hoa,13.0833,109.3,23.26,92,100,1.33,VN,1733447261
187,aykhal,66.0,111.5,-14.07,94,100,6.54,RU,1733447262
188,vila velha,-20.3297,-40.2925,24.97,81,0,5.14,BR,1733446585
189,letterkenny,54.95,-7.7333,5.79,69,38,4.4,IE,1733446856
190,kayangel,8.0823,134.7173,29.28,76,100,5.73,PW,1733447265
191,gaspar hernandez,19.6289,-70.2811,24.46,91,74,3.04,DO,1733447266
192,kavieng,-2.5744,150.7967,27.76,82,100,7.64,PG,1733447267
193,crane,31.3974,-102.3501,11.66,52,100,7.57,US,1733446966
194,betioky,-23.7167,44.3833,23.12,73,12,1.19,MG,1733447269
195,tucurui,-3.7661,-49.6725,22.29,95,79,0.12,BR,1733447270
196,palmer,42.1584,-72.3287,1.09,55,11,0.89,US,1733447145
197,al kharijah,25.4514,30.5464,13.01,54,20,2.59,EG,1733447273
198,geraldton,-28.7667,114.6,23.23,56,40,5.66,AU,1733446838
199,colonia,50.9333,6.95,9.47,92,75,5.66,DE,1733447275
200,yung shue wan,22.2333,114.1167,20.38,77,2,0.89,HK,1733447276
201,vostryakovo,55.4006,37.8111,-4.83,93,75,6.0,RU,1733447277
202,minas de marcona,-15.2119,-75.1103,15.51,84,66,6.31,PE,1733447278
203,monrovia,6.3005,-10.7969,26.16,81,4,0.94,LR,1733447279
204,kinston,35.2627,-77.5816,5.14,37,0,7.78,US,1733447280
205,punta arenas,-53.15,-70.9167,7.06,61,75,2.06,CL,1733446663
206,wytheville,36.9484,-81.0848,-6.95,59,2,1.34,US,1733447282
207,alice springs,-23.7,133.8833,33.75,40,62,3.6,AU,1733447283
208,salinas,36.6777,-121.6555,16.05,80,0,4.63,US,1733447284
209,porto novo,6.4965,2.6036,27.9,82,7,1.48,BJ,1733446894
210,jamaame,0.0697,42.745,24.74,84,39,3.39,SO,1733447287
211,antofagasta,-23.65,-70.4,16.6,81,100,2.71,CL,1733446809
212,brisas de zicatela,15.8369,-97.0419,28.29,69,0,0.0,MX,1733447289
213,fale old settlement,-9.3852,-171.2468,28.52,68,3,2.87,TK,1733447290
214,vorgashor,67.5833,63.95,-4.74,94,100,10.69,RU,1733447291
215,puerto aysen,-45.4,-72.7,6.84,100,100,1.66,CL,1733447292
216,kerch,45.3583,36.4758,6.63,87,90,5.75,UA,1733447039
217,hasaki,35.7333,140.8333,12.94,40,9,4.38,JP,1733447294
218,salekhard,66.53,66.6019,-4.69,81,56,8.45,RU,1733447295
219,argo,37.6333,22.7333,12.22,94,100,2.45,GR,1733447296
220,plettenberg bay,-34.0527,23.3716,16.4,80,94,3.19,ZA,1733447297
221,humaita,-7.5061,-63.0208,23.39,98,89,1.2,BR,1733447298
222,cuenca,-2.8833,-78.9833,14.55,92,100,0.8,EC,1733447257
223,laguna,38.421,-121.4238,16.13,63,0,3.09,US,1733447300
224,utrik,11.2278,169.8474,27.69,84,98,10.49,MH,1733447302
225,saudarkrokur,65.7461,-19.6394,-2.11,95,100,2.69,IS,1733447105
226,sabinanigo,42.5192,-0.3661,8.98,100,100,1.94,ES,1733447304
227,pak phanang,8.3511,100.202,26.25,83,72,2.8,TH,1733447305
228,xanxere,-26.8769,-52.4042,20.91,82,97,1.93,BR,1733447306
229,acarau,-2.8856,-40.12,26.79,78,100,6.02,BR,1733447308
230,broome,42.2506,-75.833,-1.28,82,100,7.2,US,1733447309
231,okayama,34.6617,133.935,8.52,76,40,1.03,JP,1733447103
232,hithadhoo,-0.6,73.0833,27.46,75,44,3.58,MV,1733447313
233,glens falls north,43.3351,-73.6825,0.38,84,100,4.63,US,1733447314
234,reggane,26.7158,0.1714,14.21,32,0,4.93,DZ,1733447315
235,tofol,5.3248,163.0078,29.88,79,100,4.12,FM,1733447316
236,tadine,-21.55,167.8833,27.3,67,45,5.02,NC,1733447317
237,la passe,45.5549,-0.8967,14.9,95,100,7.72,FR,1733447318
238,onguday,50.75,86.15,-13.38,95,54,1.29,RU,1733447319
239,new norfolk,-42.7826,147.0587,20.95,27,100,1.95,AU,1733447320
240,viedma,-40.8135,-62.9967,12.84,87,100,5.4,AR,1733447321
241,miramichi,47.0043,-65.4654,0.36,93,100,3.63,CA,1733447322
242,ust-nera,64.5667,143.2,-26.22,98,77,1.2,RU,1733447323
243,ulaangom,49.9811,92.0667,-14.2,85,49,2.22,MN,1733447324
244,hamilton,39.1834,-84.5333,-5.78,67,20,4.02,US,1733447325
245,lata,40.1629,-8.3327,10.64,97,100,1.01,PT,1733447326
246,stony plain,53.5334,-114.0021,0.19,88,19,3.23,CA,1733447328
247,coquimbo,-29.9533,-71.3436,14.85,66,0,3.6,CL,1733447329
248,ephraim,39.3597,-111.5863,1.01,73,87,0.84,US,1733447330
249,bayganin,48.6947,55.8742,-5.11,90,21,2.75,KZ,1733447331
250,port shepstone,-30.7414,30.455,21.9,81,100,5.01,ZA,1733447332
251,pierre,44.3683,-100.351,-7.07,67,0,3.09,US,1733447333
252,pavlovka,52.6897,47.1405,-7.75,92,16,3.09,RU,1733447334
253,longmen,24.9597,118.0889,17.79,79,0,1.64,CN,1733447335
254,mombaca,-5.7431,-39.6275,26.39,57,5,1.25,BR,1733447336
255,mandan,46.8267,-100.8896,-5.44,71,100,5.14,US,1733447333
256,roha,18.4333,73.1167,23.58,80,0,0.94,IN,1733447338
257,huarmey,-10.0681,-78.1522,20.05,83,86,4.39,PE,1733447339
258,belmonte,-15.8631,-38.8828,24.67,86,93,3.32,BR,1733447340
259,amahai,-3.3333,128.9167,28.98,68,100,0.71,ID,1733447341
260,calderitas,18.55,-88.25,23.06,83,40,0.0,MX,1733447343
261,chinde,26.8212,87.7095,13.99,69,0,2.29,NP,1733447344
262,marbletown,41.8834,-74.1132,1.14,63,0,2.24,US,1733447345
263,kupang,-10.1667,123.5833,29.32,89,75,2.06,ID,1733447346
264,rosarito,32.3333,-117.0333,13.54,83,23,1.95,MX,1733447347
265,yakoruda,42.0253,23.6842,3.18,94,100,0.89,BG,1733447348
266,el granada,37.5027,-122.4694,15.75,76,0,6.17,US,1733447349
267,bolama,11.5833,-15.4667,26.59,29,100,5.78,GW,1733447350
268,trenton,40.217,-74.7429,0.11,55,0,6.17,US,1733447258
269,key west,24.5557,-81.7826,19.0,88,0,2.06,US,1733447352
270,qui nhon,13.7667,109.2333,23.39,88,100,3.86,VN,1733447353
271,xilin hot,43.9667,116.0333,-14.02,78,100,1.57,CN,1733447354
272,darovskoy,58.77,47.9564,-10.4,98,74,1.16,RU,1733447355
273,coahuayana de hidalgo,18.7,-103.6583,24.0,88,31,1.29,MX,1733447356
274,bikenibeu village,1.3673,173.1241,31.98,66,75,8.23,KI,1733447357
275,tibu,8.639,-72.7358,22.53,98,63,1.28,CO,1733447358
276,berdigestyakh,62.0989,126.6992,-22.61,97,99,3.35,RU,1733447360
277,senahu,15.4,-89.8333,14.63,97,99,0.51,GT,1733447361
278,mount pearl,47.5166,-52.7813,4.52,80,100,4.92,CA,1733447362
279,laizhou,37.1717,119.9214,4.22,52,0,0.91,CN,1733447363
280,itoman,26.1247,127.6694,21.16,70,75,4.12,JP,1733447364
281,rensselaer,42.7168,-73.4829,-1.22,72,100,6.22,US,1733447217
282,neryungri,56.6709,124.6491,-21.46,95,94,2.91,RU,1733447366
283,viqueque,-8.8673,126.3658,27.07,84,100,1.62,TL,1733447367
284,sanga-sanga,5.0725,119.7853,28.59,76,100,5.99,PH,1733447368
285,gorgan,36.8387,54.4348,8.14,73,100,1.03,IR,1733447369
286,ellsworth,44.5434,-68.4195,0.49,94,75,2.57,US,1733447200
287,murghob,38.1702,73.9667,-20.49,66,0,1.57,TJ,1733447371
288,yugorsk,61.3133,63.3319,-9.14,88,23,3.39,RU,1733447372
289,rio grande,-32.035,-52.0986,20.1,83,77,5.35,BR,1733447373
290,sitka,57.0531,-135.33,11.94,62,100,6.17,US,1733447374
291,ribas do rio pardo,-20.4431,-53.7592,23.02,90,14,2.41,BR,1733447376
292,chibougamau,49.9168,-74.3659,-10.21,85,100,6.69,CA,1733447287
293,xining,36.6167,101.7667,-8.07,78,100,2.03,CN,1733447378
294,chiang klang,19.2938,100.8617,23.16,85,59,0.53,TH,1733447379
295,turbat,26.0023,63.044,18.39,26,8,3.81,PK,1733447380
296,nadym,65.5333,72.5167,-16.08,90,87,5.31,RU,1733447381
297,faya-largeau,17.9257,19.1043,17.9,24,49,4.17,TD,1733447382
298,at taj,24.2049,23.2857,11.85,39,1,1.81,LY,1733447383
299,oshakati,-17.7833,15.6833,24.27,34,88,6.56,NA,1733447384
300,dryden,49.7833,-92.7503,-12.84,85,100,4.63,CA,1733447386
301,al ghayzah,16.2079,52.176,20.61,35,37,1.38,YE,1733447387
302,tanabe,33.7333,135.3667,12.63,54,96,5.27,JP,1733447389
303,ekuvukeni,-28.4675,30.1551,16.36,92,41,0.57,ZA,1733447390
304,carnarvon,-24.8667,113.6333,23.49,57,0,10.34,AU,1733447219
305,jining,35.405,116.5814,5.97,54,0,1.11,CN,1733447360
306,brezina,33.0989,1.2608,9.8,53,100,3.13,DZ,1733447393
307,nar'yan-mar,67.6713,53.087,-3.26,81,100,9.74,RU,1733447394
308,nola,40.922,14.5329,11.14,85,73,2.63,IT,1733447395
309,minas,-34.3759,-55.2377,20.01,60,100,5.24,UY,1733447397
310,deba,10.2086,11.3859,21.12,32,9,2.94,NG,1733447398
311,kurakhovo,47.9852,37.2821,1.12,97,100,4.76,UA,1733447399
312,najran,17.4924,44.1277,12.15,40,6,0.81,SA,1733447400
313,international falls,48.6011,-93.411,-12.2,81,40,4.11,US,1733447401
314,thurgoona,-36.0451,146.9919,33.7,51,0,0.89,AU,1733447402
315,mccook,40.2019,-100.6257,-2.97,43,0,5.14,US,1733447404
316,wailua homesteads,22.0669,-159.378,22.14,100,100,4.12,US,1733447405
317,galliano,29.4422,-90.2992,15.0,67,100,3.09,US,1733447406
318,hotan,37.0997,79.9269,-2.83,51,1,0.5,CN,1733447407
319,labrador city,52.9463,-66.9114,-9.9,84,100,3.58,CA,1733447408
320,cabo san lucas,22.8909,-109.9124,24.31,71,20,0.0,MX,1733447409
321,okhotsk,59.3833,143.3,-5.6,87,100,3.19,RU,1733447410
322,lorengau,-2.0226,147.2712,28.54,82,100,7.13,PG,1733447411
323,mafeteng,-29.823,27.2374,14.76,28,93,1.98,LS,1733447412
324,acapulco de juarez,16.8634,-99.8901,27.9,78,40,1.54,MX,1733447357
325,margate,51.3813,1.3862,9.37,73,15,2.24,GB,1733447414
326,fengxian,34.7039,116.5872,6.97,56,0,1.62,CN,1733447416
327,howard springs,-12.497,131.047,32.21,81,100,3.33,AU,1733447417
328,ifrane,33.3333,-5.25,7.42,20,0,1.75,MA,1733447418
329,malango,-2.9627,119.9001,23.05,90,100,0.4,ID,1733447419
330,teknaf,20.8624,92.3058,18.47,62,0,3.73,BD,1733447420
331,harper,4.375,-7.7169,25.85,84,10,2.67,LR,1733447421
332,sungai pelek new village,2.65,101.7,27.83,89,20,0.0,MY,1733447422
333,lerwick,60.1545,-1.1494,8.03,71,98,6.6,GB,1733447423
334,kununurra,-15.7667,128.7333,28.99,79,100,3.09,AU,1733447424
335,arteaga,18.4667,-102.4167,19.38,93,92,1.67,MX,1733447427
336,hami,42.8,93.45,-4.39,68,0,2.39,CN,1733447428
337,mount darwin,-16.7725,31.5838,22.39,38,28,1.13,ZW,1733447429
338,san ignacio de velasco,-16.3667,-60.95,22.08,89,15,1.71,BO,1733447430
339,port blair,11.6667,92.75,27.02,94,40,2.06,IN,1733447431
340,antsiranana,-12.2787,49.2917,24.4,77,8,4.99,MG,1733447432
341,preobrazheniye,42.9019,133.9064,-4.64,51,65,6.5,RU,1733447433
342,revda,56.801,59.9303,-9.71,94,91,2.97,RU,1733447434
343,tulagi,-9.0996,160.1476,28.59,75,100,4.43,SB,1733447435
344,ust'-ilimsk,58.0006,102.6619,-10.33,95,100,3.31,RU,1733447436
345,gadzhiyevo,69.2551,33.3362,-4.63,84,100,7.87,RU,1733447437
346,nueva concepcion,14.2,-91.3,23.7,81,90,1.35,GT,1733447439
347,dali,25.7,100.1833,7.28,66,0,0.54,CN,1733447440
348,santarem,-2.4431,-54.7083,26.07,89,0,1.03,BR,1733447301
349,matoury,4.8483,-52.3317,26.98,78,100,3.6,GF,1733447442
350,vilyuchinsk,52.9306,158.4028,-3.85,77,4,2.98,RU,1733447406
351,mossel bay,-34.1831,22.146,17.64,74,100,2.09,ZA,1733447444
352,el nido,11.1858,119.3956,27.3,94,100,2.31,PH,1733447445
353,mehran,33.1222,46.1646,14.99,30,0,2.98,IR,1733447446
354,la'ie,21.6477,-157.9253,28.66,67,57,2.68,US,1733447447
355,balezino,57.9796,53.0106,-9.22,98,99,1.61,RU,1733447448
356,villa regina,-39.1,-67.0667,21.1,20,100,3.13,AR,1733447243
357,floro,61.5996,5.0328,5.98,75,100,7.72,NO,1733447450
358,arraial do cabo,-22.9661,-42.0278,24.07,93,99,2.5,BR,1733447451
359,manokwari,-0.8667,134.0833,28.78,69,100,2.37,ID,1733447452
360,buala,-8.145,159.5921,29.26,74,98,4.45,SB,1733447453
361,nishinoomote,30.7333,131.0,15.56,63,89,5.99,JP,1733447455
362,sabang,5.8933,95.3214,27.08,78,100,2.26,ID,1733447456
363,myitkyina,25.3833,97.4,14.14,75,0,1.09,MM,1733447457
364,zheleznodorozhnyy,55.7503,38.0042,-6.06,82,75,3.69,RU,1733447459
365,mogocha,53.7333,119.7667,-21.02,89,18,1.69,RU,1733447460
366,tabou,4.423,-7.3528,26.01,84,8,2.37,CI,1733447461
367,ratnagiri,16.9833,73.3,25.1,76,85,1.38,IN,1733447462
368,hammerfest,70.6634,23.6821,-2.75,68,100,2.57,NO,1733447463
369,orcopampa,-15.2661,-72.3417,8.98,56,100,1.89,PE,1733447464
370,rongelap,11.1635,166.8941,27.99,83,48,10.64,MH,1733447465
371,mao,39.8885,4.2658,10.31,81,0,2.57,ES,1733447466
372,cururupu,-1.8283,-44.8683,22.81,99,57,0.8,BR,1733447189
373,genhe,50.7833,121.5167,-19.38,96,99,1.23,CN,1733447468
374,tandlianwala,31.0333,73.1333,12.95,32,0,0.98,PK,1733447295
375,lekki,6.3607,4.8333,24.06,90,1,0.77,NG,1733447471
376,pahrump,36.2083,-115.9839,14.35,24,5,1.44,US,1733447472
377,ritchie,-29.038,24.6028,17.83,26,58,3.31,ZA,1733447473
378,lib,8.3122,167.3766,28.25,84,8,10.27,MH,1733447474
379,port macquarie,-31.4333,152.9167,26.71,77,0,3.13,AU,1733447475
380,egilsstadir,65.2653,-14.3948,0.95,75,100,7.72,IS,1733447476
381,katsina-ala,7.1667,9.2833,22.58,33,6,1.98,NG,1733447477
382,manicore,-5.8092,-61.3003,23.9,98,100,0.35,BR,1733447478
383,bogen,48.9112,12.6896,0.29,91,100,4.22,DE,1733447479
384,darhan,49.4867,105.9228,-14.85,99,99,0.44,MN,1733447480
385,zemio,5.0314,25.1361,20.49,44,11,1.77,CF,1733447475
386,tindouf,27.6711,-8.1474,15.08,38,95,3.74,DZ,1733447482
387,salalah,17.0151,54.0924,24.05,33,0,1.54,OM,1733447484
388,port-gentil,-0.7193,8.7815,26.23,82,93,4.09,GA,1733447485
389,mbanza kongo,-6.267,14.2401,18.68,97,100,0.82,AO,1733447486
390,enewetak,11.3474,162.3373,28.07,77,26,10.23,MH,1733447488
391,kapa'a,22.0752,-159.319,22.88,100,100,4.12,US,1733447489
392,gejiu,23.306,103.1635,10.76,93,94,2.23,CN,1733447490
393,pass christian,30.3158,-89.2475,12.03,92,0,3.09,US,1733447492
394,fort st. john,56.2499,-120.8529,3.58,87,3,5.53,CA,1733447493
395,oroqen zizhiqi,50.5667,123.7167,-19.62,92,22,1.67,CN,1733447494
396,cockburn town,21.4612,-71.1419,25.93,81,83,9.86,TC,1733447496
397,guerrero negro,27.9769,-114.0611,15.68,85,0,4.71,MX,1733447497
398,priozersk,61.0393,30.1291,-3.33,85,99,4.28,RU,1733447499
399,kushiro,42.975,144.3747,0.08,47,94,1.27,JP,1733447500
400,el calafate,-50.3408,-72.2768,8.25,54,69,1.39,AR,1733447501
401,micheweni,-4.9667,39.8333,26.72,84,100,4.94,TZ,1733447502
402,isangel,-19.55,169.2667,30.06,79,75,4.12,VU,1733447503
403,fada,7.25,4.0667,21.09,78,8,0.36,NG,1733447504
404,nuuk,64.1835,-51.7216,-6.66,68,75,2.06,GL,1733447455
405,luderitz,-26.6481,15.1594,15.32,92,63,5.85,NA,1733447508
406,darwin,-12.4611,130.8418,31.64,74,75,3.09,AU,1733447224
407,saint-pierre,-21.3393,55.4781,22.82,53,40,3.09,RE,1733447510
408,kodinsk,58.6881,99.1844,-12.93,99,95,1.79,RU,1733447511
409,sakaraha,-22.9,44.5333,23.08,72,12,1.55,MG,1733447512
410,pocone,-16.2567,-56.6228,23.8,89,100,2.9,BR,1733447513
411,oistins,13.0667,-59.5333,27.05,78,20,7.72,BB,1733447514
412,korla,41.7597,86.1469,-3.52,74,0,0.9,CN,1733447515
413,enoch,37.7733,-113.0244,5.26,68,0,2.06,US,1733447517
414,beichengqu,40.4394,113.1536,-6.26,67,90,3.44,CN,1733447520
415,vadso,70.0744,29.7487,-2.91,80,40,8.23,NO,1733447521
416,as saffaniyah,27.9708,48.73,19.48,65,0,5.67,SA,1733447403
417,santa ana,33.7456,-117.8678,16.14,81,20,2.06,US,1733447353
418,rye,40.9807,-73.6837,2.4,55,20,5.66,US,1733447252
419,tyul'gan,52.3405,56.166,-12.3,97,38,3.17,RU,1733447525
420,tarawa,1.419,172.984,32.05,66,75,8.23,KI,1733447526
421,molde,62.7375,7.1591,6.91,57,100,6.69,NO,1733447527
422,rybnoye,54.7256,39.5119,-7.93,90,65,4.07,RU,1733447528
423,antonio enes,-16.2325,39.9086,26.15,86,100,4.48,MZ,1733447529
424,ialibu,-6.2821,143.9935,22.97,62,100,1.45,PG,1733447530
425,ancud,-41.8697,-73.8203,9.97,84,49,5.07,CL,1733447531
426,mermoz boabab,14.7065,-17.4758,26.9,45,100,5.01,SN,1733447532
427,sao raimundo nonato,-9.0153,-42.6994,24.39,71,100,2.5,BR,1733447534
428,zurrieq,35.8311,14.4742,15.73,77,75,8.75,MT,1733447535
429,howrah,22.5892,88.3103,18.0,77,0,0.0,IN,1733447536
430,puerto baquerizo moreno,-0.9,-89.6,22.67,85,66,3.69,EC,1733447538
431,usinsk,65.9939,57.5281,-7.93,87,100,7.84,RU,1733447539
432,kattivakkam,13.2167,80.3167,26.09,99,3,2.76,IN,1733447541
433,puerto leguizamo,-0.1934,-74.7819,25.43,79,100,1.99,CO,1733447542
434,tongliao,43.6125,122.2653,-8.85,53,15,3.78,CN,1733447543
435,yuzhno-kurilsk,44.0306,145.8556,0.06,53,100,2.66,RU,1733447544
436,ascencion de guarayos,-15.8963,-63.1881,22.51,99,16,1.09,BO,1733447545
437,ataq,14.5377,46.8319,16.48,30,0,1.56,YE,1733447548
438,stansted mountfitchet,51.9,0.2,8.39,78,75,8.23,GB,1733447549
439,bhanvad,21.9264,69.7736,21.52,43,45,3.95,IN,1733447550
440,portland,45.5234,-122.6762,6.99,69,75,4.02,US,1733447381
441,broken hill,-31.95,141.4333,37.23,26,9,8.28,AU,1733447552
442,starozhilovo,54.2254,39.916,-8.5,92,85,3.48,RU,1733447553
443,kunhegyes,47.3667,20.6333,0.64,89,45,1.6,HU,1733447554
444,bereket,39.2446,55.5154,3.47,75,13,4.34,TM,1733447555
445,kudahuvadhoo,2.6708,72.8944,28.49,64,99,2.94,MV,1733447556
446,east london,-33.0153,27.9116,19.51,71,100,3.06,ZA,1733447557
447,mahdia,35.5047,11.0622,15.45,52,96,14.71,TN,1733447559
448,shuangjiang,26.1547,109.7138,6.66,93,100,1.48,CN,1733447560
449,island harbour,50.724,-1.2758,9.43,66,7,4.47,GB,1733447561
450,ulverstone,-41.15,146.1667,16.46,78,100,0.75,AU,1733447562
451,lintong,34.378,109.2089,4.45,45,100,0.66,CN,1733447437
452,buka,40.8108,69.1986,2.96,74,3,0.94,UZ,1733447564
453,los llanos de aridane,28.6585,-17.9182,17.86,77,75,4.12,ES,1733447565
454,kiunga,-6.1219,141.2906,27.71,84,100,0.69,PG,1733447566
455,nowogard,53.6744,15.1163,1.9,80,0,8.23,PL,1733447567
456,minab,27.1467,57.0801,18.55,19,0,3.09,IR,1733447569
457,dolores,-36.3132,-57.6792,19.55,56,99,5.17,AR,1733447440
458,bandundu,-3.3167,17.3667,21.46,85,97,0.81,CD,1733447571
459,tortoli,39.9256,9.6572,10.9,56,0,3.09,IT,1733447572
460,whitby,54.4877,-0.615,6.75,77,21,8.05,GB,1733447573
461,sanctuary point,-35.1114,150.629,26.09,72,25,5.32,AU,1733447574
462,balod,20.73,81.2047,18.41,66,0,0.96,IN,1733447486
463,cuajinicuilapa,16.4667,-98.4167,23.78,80,39,0.57,MX,1733447576
464,bechar,31.6167,-2.2167,9.18,57,0,1.03,DZ,1733447577
465,radaur,30.0333,77.15,10.83,41,0,3.07,IN,1733447578
466,san luis de la loma,17.2706,-100.8939,24.65,84,4,0.71,MX,1733447579
467,aswan,24.0934,32.907,15.85,41,100,4.08,EG,1733447580
468,kota kinabalu,5.9749,116.0724,28.82,83,20,1.54,MY,1733447581
469,estavayer-le-lac,46.8488,6.8465,7.54,88,100,4.63,CH,1733447583
470,teguise,29.0605,-13.564,16.12,77,20,3.6,ES,1733447502
471,robore,-18.3333,-59.75,23.31,93,1,1.72,BO,1733447585
472,cill airne,52.05,-9.5167,6.81,82,100,1.61,IE,1733447586
473,opuwo,-18.0607,13.84,18.11,39,1,2.07,NA,1733447587
474,kill devil hills,36.0307,-75.676,4.99,38,0,7.2,US,1733447588
475,buta,2.7858,24.73,24.0,59,100,1.46,CD,1733447589
476,sechura,-5.5569,-80.8222,20.61,75,18,6.62,PE,1733447377
477,grootfontein,-19.5667,18.1167,22.76,33,2,2.06,NA,1733447591
478,egersund,58.4513,5.9997,4.75,87,98,11.64,NO,1733447592
479,mar del plata,-38.0023,-57.5575,18.3,70,0,1.54,AR,1733447028
480,robertsport,6.7533,-11.3686,27.04,76,7,1.63,LR,1733447594
481,pont rouge,48.8833,-72.0825,-3.38,91,100,5.76,CA,1733447596
482,jijiga,9.35,42.8,12.77,33,12,4.54,ET,1733447597
483,vernon,50.2581,-119.2691,0.8,77,100,1.03,CA,1733447598
484,maceio,-9.6658,-35.7353,23.69,94,20,1.54,BR,1733447543
485,afaahiti,-17.75,-149.2833,25.54,80,86,6.87,PF,1733447600
486,wynyard,-41.0,145.7167,18.44,77,100,1.0,AU,1733447601
487,san pedro,14.35,121.0167,29.57,74,20,2.57,PH,1733447602
488,bodaybo,57.8506,114.1933,-26.34,97,100,0.68,RU,1733447603
489,bardai,11.65,7.2333,15.73,28,86,3.44,NG,1733447604
490,kolwezi,-10.7148,25.4667,16.19,99,100,3.36,CD,1733447606
491,atuncolla,-15.6833,-70.15,12.91,47,100,2.19,PE,1733447608
492,tidjikja,18.5564,-11.4271,21.21,15,95,9.26,MR,1733447609
493,saeby,57.3319,10.5225,3.9,96,100,10.98,DK,1733447610
494,glace bay,46.1969,-59.957,8.42,97,100,10.29,CA,1733447404
495,kone,-21.0595,164.8658,32.28,47,27,1.69,NC,1733447612
496,nemuro,43.3236,145.575,-0.08,61,100,1.94,JP,1733447613
497,bereeda,11.8704,51.0579,25.18,73,19,5.16,SO,1733447614
498,port douglas,-16.4833,145.4667,27.6,83,100,6.07,AU,1733447615
499,freetown,8.484,-13.2299,25.77,81,99,1.99,SL,1733447617
500,shubarshi,48.5872,57.1869,-5.32,91,17,3.13,KZ,1733447618
501,randers,56.4667,10.05,4.1,92,100,8.56,DK,1733447619
502,dawesville,30.9224,-84.0091,17.17,67,100,2.06,US,1733447620
503,qala i naw,34.9874,63.1289,3.59,70,0,0.73,AF,1733447621
504,sisimiut,66.9395,-53.6735,-13.63,86,79,4.01,GL,1733447622
505,saint-philippe,-21.3585,55.7679,23.2,76,14,4.47,RE,1733447623
506,dauphin,51.1494,-100.0502,-5.92,79,100,7.72,CA,1733447625
507,groningen,53.25,6.75,9.04,95,75,4.63,NL,1733447626
508,urangan,-25.3,152.9,26.94,70,11,5.79,AU,1733447508
509,poronaysk,49.2167,143.1167,-10.76,66,8,5.12,RU,1733447628
510,qujing,25.4833,103.7833,9.14,95,100,1.62,CN,1733447629
511,hilo,19.7297,-155.09,27.83,71,100,4.63,US,1733447630
512,northam,51.0333,-4.2167,9.69,72,29,9.67,GB,1733447631
513,nantucket,41.2835,-70.0995,3.06,65,20,16.8,US,1733447493
514,kutum,14.2,24.6667,15.1,25,5,2.78,SD,1733447633
515,mumbwa,-14.9783,27.0619,21.48,51,52,4.47,ZM,1733447634
516,diu,20.7141,70.9822,23.78,40,100,4.16,IN,1733447416
517,tomatlan,19.9333,-105.25,22.46,78,100,1.06,MX,1733447636
518,fort bragg,35.139,-79.006,7.75,26,0,4.63,US,1733447637
519,harstad,68.799,16.5293,-1.58,73,100,9.83,NO,1733447638
520,franceville,-1.6333,13.5836,21.53,87,100,1.13,GA,1733447640
521,sitia,35.2,26.0986,16.25,73,100,3.96,GR,1733447641
522,tanjung pandan,-2.75,107.65,27.64,79,100,2.21,ID,1733447642
523,sohar,24.3643,56.7468,20.01,64,3,3.6,OM,1733447643
524,luchegorsk,46.4764,134.2569,-16.7,80,58,3.67,RU,1733447644
525,port hedland,-20.3167,118.5667,31.03,62,93,3.6,AU,1733447645
526,paoua,7.2427,16.4406,19.75,36,29,1.11,CF,1733447393
527,obidos,-1.9175,-55.5181,25.64,82,100,2.0,BR,1733447647
528,ashburton,-37.8626,145.0794,30.91,41,100,1.34,AU,1733447648
529,kohtla-jarve,59.3986,27.2731,-1.3,90,99,6.39,EE,1733447649
530,namibe,-15.1961,12.1522,22.37,85,100,1.83,AO,1733447651
531,loch garman,52.3342,-6.4575,7.16,94,89,4.92,IE,1733447652
532,bodo,67.28,14.405,1.02,60,0,12.35,NO,1733447653
533,deschutes river woods,43.9915,-121.3584,2.36,78,13,0.96,US,1733447654
534,nenjiang,49.1833,125.2167,-21.78,96,66,1.48,CN,1733447655
535,kolonia town,6.964,158.206,31.06,74,75,5.14,FM,1733447656
536,brokopondo,4.75,-55.1667,24.5,83,30,4.8,SR,1733447657
537,sinabang,2.4803,96.3801,26.23,85,64,3.23,ID,1733447658
538,sarangani,5.4033,125.4636,27.82,74,100,1.14,PH,1733447659
539,shchuchyn,53.6014,24.7465,-2.81,89,100,4.74,BY,1733447660
540,galesong,-5.3166,119.3661,27.03,85,100,4.87,ID,1733447661
541,maunabo,18.0072,-65.8993,27.06,87,77,4.94,PR,1733447663
542,manistee,44.2445,-86.3242,-1.66,75,100,3.09,US,1733447664
543,bad frankenhausen,51.35,11.1,5.1,83,100,5.43,DE,1733447665
544,conde,-7.2597,-34.9075,24.7,83,75,1.03,BR,1733447666
545,verkhnevilyuysk,63.4453,120.3167,-17.1,94,100,2.93,RU,1733447667
546,kasongo-lunda,-6.4667,16.8167,19.98,98,87,0.46,CD,1733447668
547,tlacotepec,20.0667,-97.8667,17.14,95,82,0.52,MX,1733447669
548,zhezqazghan,47.7833,67.7667,-2.68,100,100,2.0,KZ,1733447670
549,balykshi,47.0667,51.8667,-4.0,93,100,5.0,KZ,1733447671
550,oranjemund,-28.55,16.4333,15.57,90,100,2.66,NA,1733447672
551,nkhotakota,-12.9274,34.2961,24.39,80,100,1.99,MW,1733447673
552,kuanda,56.3161,116.0806,-29.51,96,97,0.58,RU,1733447675
553,kidal,18.4411,1.4078,19.64,14,100,5.52,ML,1733447676
554,ulladulla,-35.35,150.4667,25.4,75,53,4.68,AU,1733447677
555,nikolayevsk-on-amure,53.1406,140.73,-16.51,96,100,1.89,RU,1733447678
556,zabol,32.25,67.25,0.51,68,0,3.08,AF,1733447679
557,paracatu,-17.2222,-46.8747,23.81,73,99,0.96,BR,1733447680
558,sao felipe,-14.8167,-41.3833,20.99,68,5,2.36,BR,1733447681
559,cavan,53.9908,-7.3606,3.82,84,12,2.71,IE,1733447682
560,fortuna foothills,32.6578,-114.4119,21.79,22,0,3.09,US,1733447683
561,springfield,37.2153,-93.2982,-4.38,56,0,2.57,US,1733447574
562,nouadhibou,20.931,-17.0347,23.99,33,100,7.72,MR,1733447685
563,sarandi del yi,-33.35,-55.6333,19.69,63,100,4.83,UY,1733447686
564,tabuk,17.4189,121.4443,24.18,91,95,0.71,PH,1733447687
565,felege neway,6.3,36.8833,17.54,62,89,0.35,ET,1733447688
566,gebeit,21.0667,36.3167,15.26,82,0,2.2,SD,1733447689
567,sulejow,51.3544,19.8854,0.27,90,7,3.14,PL,1733447691
568,chinhoyi,-17.3667,30.2,21.97,37,0,2.31,ZW,1733447692
569,miguel calmon,-11.4289,-40.595,21.56,78,43,1.61,BR,1733447693
570,quatre cocos,-20.2078,57.7625,23.38,72,17,5.43,MU,1733447694
